{
	"ImportPath": "github.com/stretchr/testify",
	"GoVersion": "go1.5",
	"GodepVersion": "v74",
	"Packages": [
		"./..."
	],
	"Deps": [
		{
			"ImportPath": "github.com/davecgh/go-spew/spew",
			"Comment": "v1.0.0-3-g6d21280",
			"Rev": "04cdfd42973bb9c8589fd6a731800cf222fde1a9"
		},
		{
			"ImportPath": "github.com/pmezard/go-difflib/difflib",
			"Rev": "d8ed2627bdf02c080bf22230dbb337003b7aba2d"
		},
		{
			"ImportPath": "github.com/stretchr/objx",
			"Rev": "cbeaeb16a013161a98496fad62933b1d21786672"
		}
	]
}
